{
    "center_nx": 0.48264129762576957,
    "center_ny": 0.29018920068027204,
    "left_nx": 0.5410366572490127,
    "right_nx": 0.38520160342764026,
    "up_ny": 0.2607342479674797,
    "left_thresh": 0.5118389774373912,
    "right_thresh": 0.43392145052670494,
    "up_thresh": 0.27546172432387583
}